date,actual_daily_x,pred_xgb,actual_daily_y,pred_lgbm,actual_daily,pred_lstm,pred_gru,pred_blend
2025-08-12,81300.0,133386.94,81300.0,144324.08621545573,81300,36095.77056951821,10314.023789148778,99426.03121633793
2025-08-13,114900.0,109400.28,114900.0,125463.48608873005,114900,44410.90919338167,83190.31579211354,93699.31375411774
2025-08-25,88200.0,208598.62,88200.0,155689.3196096356,88200,101860.5175495148,124242.54815787075,145610.8709628565
2025-08-26,91600.0,176136.05,91600.0,112684.9040401676,91600,130168.08511018756,65517.43003740907,97392.62824944235
2025-08-27,117700.0,192108.45,117700.0,116988.95920972015,117700,127251.87272429468,112913.38778927922,114061.5994049916
2025-08-29,101200.0,171509.9,101200.0,113603.56260480128,101200,94874.2076665163,109855.1720497012,107744.71045805959
2025-09-01,333100.0,288920.66,333100.0,308711.026910117,333100,182987.9151687026,157416.27238601446,256965.21551242363
2025-09-02,332100.0,347386.78,332100.0,353025.4998775218,332100,230488.25832903388,177811.47010579705,300571.2620030098
2025-09-03,360800.0,367924.88,360800.0,384230.3035817994,360800,288800.1102983952,286086.13169789314,339687.2096410061
2025-09-04,317700.0,349012.9,317700.0,353964.9253628465,317700,304271.6551870108,319861.4429104328,321324.4050526286
2025-09-05,272900.0,346222.78,272900.0,317425.37916937075,272900,270962.23803162575,293161.5589088201,297859.4689607526
2025-09-06,91600.0,154171.14,91600.0,140270.23700388253,91600,111338.31285238267,173496.96476519108,127404.23694836462
2025-09-08,313900.0,380941.62,313900.0,363641.83753852494,313900,495374.35856759554,214870.3925845027,300755.2063189632
2025-09-09,324000.0,410480.72,324000.0,380990.02175576246,324000,456827.8427213431,232663.80523324013,326907.4668191109
2025-09-10,375500.0,397941.44,375500.0,380216.49890745286,375500,381465.4135912657,321387.392565608,345501.3214264504
2025-09-11,305900.0,378370.88,305900.0,340568.6876392576,305900,329883.85277688503,320802.1211475134,321260.8283971845
2025-09-12,254600.0,387757.28,254600.0,352909.6488881927,254600,270294.4283366204,252879.90239560604,324031.2798319593
2025-09-13,104800.0,141421.23,104800.0,114981.88693724992,104800,166842.2276481986,78448.19914788008,86465.50851220026
2025-09-15,380300.0,389108.28,380300.0,324713.8759155999,380300,152868.84252727032,98848.17358285189,290570.5356262219
2025-09-16,386400.0,461229.75,386400.0,423963.61542365066,386400,272148.0879664421,71801.8996938318,354414.1315990947
2025-09-17,367100.0,403347.84,367100.0,427364.94983146095,367100,318843.8630104065,121826.417183429,342505.91996504343
2025-09-18,290400.0,380730.53,290400.0,380648.7950554495,290400,331514.7791147232,132546.19445219636,309650.5094128385
2025-09-19,297400.0,377259.5,297400.0,380052.8148613666,297400,284535.67267656326,140230.56956112385,313789.8967989163
2025-09-20,114400.0,154941.92,114400.0,164847.80878833047,114400,111194.12598609926,90851.51715427636,126230.78413561863
2025-09-22,263100.0,386150.47,263100.0,369796.7106027614,263100,427156.9829374552,247059.40815657377,317959.11731025984
2025-09-23,269000.0,384505.12,269000.0,329969.6222411048,269000,406177.8839349747,264150.70820242167,300015.5375196781
2025-09-24,300100.0,388544.25,300100.0,357356.1054770295,300100,394585.63806116587,327600.7179790735,329531.53528019204
2025-09-25,317300.0,358340.1,317300.0,312985.9291981547,317300,384969.868773222,334660.5799716711,296828.7585748938
2025-09-26,261400.0,338170.75,261400.0,318866.25844418484,261400,334128.06101739407,302073.5558241606,292057.16037572233
2025-09-27,136700.0,141435.3,136700.0,132745.82151050057,136700,165288.25699836016,173009.6917936206,114104.10839532525
2025-09-29,259700.0,368567.94,259700.0,301005.3835968952,259700,461631.87057673937,269401.07604682446,274518.0146561514
2025-09-30,300500.0,398165.16,300500.0,323393.17674558685,300500,480778.8899570704,289875.2839073539,298880.81111165346
2025-10-01,268100.0,389977.25,268100.0,348078.7082894891,268100,453996.80983722216,286689.90369558334,311910.81822662265
2025-10-02,204300.0,333651.84,204300.0,302075.42736600386,204300,424838.1675928832,289871.487146616,270777.9075735654
2025-10-10,219400.0,364154.25,219400.0,349621.366251604,219400,281406.7516475916,284752.658303082,319370.3117708162
2025-10-11,144300.0,164485.12,144300.0,170587.7587971237,144300,191518.06600391865,169590.31406611204,139983.57738970686
2025-10-13,332800.0,346812.25,332800.0,317872.62569114205,332800,246505.1261097193,272016.26683473587,296573.8291290734
2025-10-14,336600.0,387927.1,336600.0,355738.4769516106,336600,552187.315428257,325731.2230056524,314022.7026980062
2025-10-15,331800.0,399540.3,331800.0,403015.762918315,331800,560149.5278835297,364422.79011905193,350897.21025880077
2025-10-16,361300.0,355216.53,361300.0,334316.64446655783,361300,564996.5356707573,364419.5065963268,297279.2694855548
2025-10-17,332100.0,371531.5,332100.0,302954.28898409643,332100,519897.0809161664,323285.9170013666,281355.289179954
2025-10-18,131600.0,159211.94,131600.0,163429.9189800231,131600,339407.4493199587,201050.42811200023,126861.98069823693
2025-10-20,345900.0,374552.2,345900.0,321902.782648847,345900,182564.1786620021,293524.4271880388,317586.2499905976
2025-10-21,333600.0,339168.78,333600.0,289375.4376671885,333600,307878.42781841755,363790.102711916,289523.09929771826
2025-10-22,324300.0,346939.9,324300.0,272655.0311480699,324300,297195.30354738235,405852.340965271,291373.94228145527
2025-10-23,350800.0,327689.3,350800.0,263067.12013086886,350800,287066.68642759323,378533.5459452868,275533.0560218863
2025-10-24,220900.0,331457.94,220900.0,262612.7607612616,220900,205235.65750122076,297405.3469544649,268800.0655138891
2025-10-25,136600.0,117538.516,136600.0,122532.01120900828,136600,0.0,151200.07313981652,111243.75156365303
2025-10-27,256700.0,331730.75,256700.0,226879.32487679983,256700,410792.614004016,318147.9662901163,234269.1123788915
2025-10-28,316300.0,337939.9,316300.0,246330.21515382675,316300,332132.85574615,379102.7269014716,265541.1317882164
2025-10-29,226400.0,340826.78,226400.0,269311.37209421006,226400,280970.5293506384,395471.0006457567,287019.3297873329
2025-10-30,241700.0,299682.4,241700.0,232026.3190201768,241700,270981.14680051804,322681.32862508297,239999.47927847135
2025-10-31,159500.0,319899.5,159500.0,253479.0627191335,159500,235065.02079069617,220265.69164037704,242952.5014560822
